service,year,quarter,tiles,tests,devices,pop_weight,area_km2,d_mean_tile,d_median_tile,d_mean_pop,d_median_pop,d_p10_pop,d_p90_pop,u_median_pop,lat_median_pop,pct_above_bb,pct_above_hi,divide_ratio,period
fixed,2025,1,3962.0,252031.0,56494.0,6074740.141354203,971.6636981147273,17.919589601211506,15.921,17.335278564225973,16.167562373295855,9.883330490237284,24.742825904152,6.999634215754103,26.0,89.60966569276518,9.591432201109882,2.5034906936070658,2025 Q1
mobile,2025,1,1710.0,49840.0,22203.0,3867288.583922863,417.03153135860555,96.79871929824562,89.9255,94.70908205866218,87.81464881224996,33.14475824712439,168.98912432733613,22.294669747817174,20.0,99.1719244354277,93.92667664901403,5.098517330172334,2025 Q1
fixed,2025,2,4433.0,288661.0,64571.0,6312304.196631432,1088.4211618201834,20.93859034513873,19.13,20.309275278933963,19.042487259134724,11.470018469532588,29.46849173015366,9.58364400667067,25.0,93.6030296084183,20.876347203633845,2.569175612788226,2025 Q2
mobile,2025,2,1443.0,30122.0,14025.0,3532557.5551303625,353.6984365395015,93.68185793485793,81.177,93.9006216471648,81.21646272718777,25.402015805033678,180.82856554402068,21.99257348921824,20.0,99.26541578462643,90.09395632757978,7.118669909188372,2025 Q2
fixed,2025,3,4363.0,251988.0,61245.0,6257739.63229239,1070.7374470536038,22.197761173504468,20.175,21.325660483180098,19.970140935308102,11.772150176739903,31.876708529836066,10.250613682018043,24.0,93.93915650952604,24.661171677757203,2.7078068195918803,2025 Q3
mobile,2025,3,1132.0,22050.0,9896.0,2904114.0442123413,276.6631098230954,87.47118462897527,78.142,88.4181621471704,80.0225170471822,24.47486142722674,166.30324288191187,21.59963200679069,20.0,98.51278190786539,89.66421043258977,6.7948594265342805,2025 Q3
fixed,2025,4,4540.0,313436.0,67502.0,6369378.74215138,1113.8965062436705,23.413949559471362,21.429000000000002,22.786946167544478,21.21712884159303,12.823074101361012,33.95358311219573,11.69,24.0,96.28980658254757,30.663869065098226,2.6478504954277673,2025 Q4
mobile,2025,4,1765.0,37604.0,16022.0,4086111.3095526695,431.28416234702945,77.35300339943343,65.807,78.1782333482051,66.03527936033626,22.771365411555518,149.22380457274232,19.076053435485818,22.0,98.78330261393184,88.48607084971523,6.5531338097546605,2025 Q4
fixed,2026,1,4430.0,293914.0,63310.0,6293586.851507187,1086.3610200370242,24.21698306997743,22.0125,23.641578147373025,22.001888375626635,13.811132492777606,35.79121954622704,11.774567125446389,23.0,96.9546852619427,34.7010299589646,2.5914760838724633,2026 Q1
mobile,2026,1,1740.0,37528.0,15470.0,4029530.4355020523,425.06984834134573,79.03058908045978,67.5935,79.06432665308512,67.52406116691091,20.92107855586859,149.04180031464057,18.612562245440284,21.0,97.46243465850553,86.22090320564129,7.12400175338153,2026 Q1
fixed,2026,2,4444.0,264991.0,60945.0,6264512.185927391,1090.0985214557543,26.27163118811881,23.749499999999998,25.880549806801714,23.918,15.5335599012726,38.248394185369435,13.045004638141023,22.0,97.53948055047304,43.80978825621808,2.4623070582961413,2026 Q2
mobile,2026,2,1917.0,41560.0,17615.0,4122941.6181424856,468.56383785950186,79.84797130933751,70.916,83.36753522572333,74.36623807165158,25.877339505506622,151.8533381925287,19.14044459242216,21.0,98.23622305394488,90.6265935747414,5.868197469071917,2026 Q2
